{
  "height": 63.333333333333336,
  "tabOrder": 3000,
  "width": 138.33333333333334,
  "x": 696.66666666666674,
  "y": 91.666666666666671,
  "z": 39000
}