{
  "height": 24,
  "tabOrder": 47000,
  "width": 195.33243378126093,
  "x": 1039.5999986388072,
  "y": 747,
  "z": 4000
}