{
  "height": 23.333333333333336,
  "tabOrder": 35000,
  "width": 160,
  "x": 1096.6666666666667,
  "y": 1187,
  "z": 5000
}