{
  "height": 230,
  "tabOrder": 9000,
  "width": 547.14285714285722,
  "x": 280,
  "y": 1875.7142857142858,
  "z": 19000
}