{
  "height": 279.6933891213389,
  "tabOrder": 1000,
  "width": 581.32351464435146,
  "x": 9.5973221757322182,
  "y": 405.82962343096233,
  "z": 1000
}