{
  "height": 23.333333333333336,
  "tabOrder": 27000,
  "width": 206.66666666666669,
  "x": 936.66666666666674,
  "y": 611.66666666666674,
  "z": 33000
}