{
  "height": 23.333333333333336,
  "tabOrder": 40000,
  "width": 335,
  "x": 761.66666666666674,
  "y": 1426.6666666666667,
  "z": 1000
}