{
  "height": 185,
  "tabOrder": 6000,
  "width": 330,
  "x": 931.66666666666674,
  "y": 623.33333333333337,
  "z": 15000
}