{
  "height": 298.88803347280333,
  "tabOrder": 2000,
  "width": 383.89288702928872,
  "x": 869.243179916318,
  "y": 0,
  "z": 2000
}