{
  "height": 28.095238095238095,
  "tabOrder": 31000,
  "width": 176.66666666666666,
  "x": 1019.5,
  "y": 75.833333333333343,
  "z": 42000
}