{
  "height": 270.09606694560671,
  "tabOrder": 1000,
  "width": 340.01941422594143,
  "x": 499.06075313807531,
  "y": 0,
  "z": 1000
}