{
  "height": 45,
  "tabOrder": 19000,
  "width": 100,
  "x": 501.71875000000216,
  "y": 105.72222202465744,
  "z": 30000
}