{
  "height": 24,
  "tabOrder": 52000,
  "width": 195.33243378126093,
  "x": 1033.0999986388072,
  "y": 1015,
  "z": 51000
}