{
  "height": 185,
  "tabOrder": 5000,
  "width": 331.66666666666669,
  "x": 931.66666666666674,
  "y": 408.33333333333337,
  "z": 14000
}