{
  "height": 68.322981366459629,
  "tabOrder": 7000,
  "width": 190.68322981366458,
  "x": 24.705227617684479,
  "y": 126.70807453416148,
  "z": 22000
}