{
  "height": 215.6521739130435,
  "tabOrder": 58000,
  "width": 478.26086956521743,
  "x": 241.73913043478262,
  "y": 1040,
  "z": 6000
}