{
  "height": 28.333333333333336,
  "tabOrder": 16000,
  "width": 176.66666666666669,
  "x": 681,
  "y": 63.333333333333336,
  "z": 26000
}