{
  "height": 94.791666666666671,
  "tabOrder": 11000,
  "width": 189.58333333333334,
  "x": 25.041666541079927,
  "y": 323.95833333333337,
  "z": 26000
}