{
  "height": 25,
  "tabOrder": 20000,
  "width": 181.66666666666669,
  "x": 1076.6666666666667,
  "y": 180,
  "z": 12000
}