{
  "height": 25,
  "tabOrder": 18000,
  "width": 176,
  "x": 241.91964843877767,
  "y": 141.22234059823666,
  "z": 33000
}