{
  "height": 25,
  "tabOrder": 36000,
  "width": 161.66666666666669,
  "x": 1070.8333333333335,
  "y": 214.09611723106218,
  "z": 16000
}