{
  "height": 28.095238095238095,
  "tabOrder": 25000,
  "width": 176.66666666666666,
  "x": 759.56046147971506,
  "y": 75.136828864972586,
  "z": 36000
}