{
  "height": 46.666666666666671,
  "tabOrder": 12000,
  "width": 106.66666666666667,
  "x": 10,
  "y": 5,
  "z": 22000
}