{
  "height": 28.095238095238095,
  "tabOrder": 21000,
  "width": 176.66666666666666,
  "x": 498.62296147971512,
  "y": 74.824328864972586,
  "z": 32000
}