{
  "height": 25.833333333333336,
  "tabOrder": 19000,
  "width": 25.833333333333336,
  "x": 170,
  "y": 72,
  "z": 29000
}