{
  "height": 212.38938053097343,
  "tabOrder": 59002,
  "width": 478.58407079646014,
  "x": 242.12389380530971,
  "y": 230.79646017699113,
  "z": 59002
}