{
  "height": 25.833333333333336,
  "tabOrder": 5000,
  "width": 25.833333333333336,
  "x": 179.58333333333334,
  "y": 74.583333333333343,
  "z": 16000
}