{
  "height": 180,
  "tabOrder": 4000,
  "width": 333.33333333333337,
  "x": 925,
  "y": 196.66666666666669,
  "z": 13000
}