{
  "height": 279.6933891213389,
  "tabOrder": 2001,
  "width": 581.32351464435146,
  "x": 681.4098744769874,
  "y": 427.766359832636,
  "z": 2001
}