{
  "height": 39.130434782608695,
  "tabOrder": 14000,
  "width": 177.01863354037266,
  "x": 32.779761779175161,
  "y": 587.01112836438926,
  "z": 29000
}