{
  "height": 31.858407079646021,
  "tabOrder": 2000,
  "width": 28.318584070796462,
  "x": 1217.6991150442479,
  "y": 12.389380530973453,
  "z": 2000
}