{
  "height": 46.8421052631579,
  "tabOrder": 2000,
  "width": 106.8421052631579,
  "x": 8.4210526315789469,
  "y": 6.8421052631578947,
  "z": 11000
}