{
  "height": 217.39130434782609,
  "tabOrder": 59008,
  "width": 480,
  "x": 754.78260869565224,
  "y": 1027.8260869565217,
  "z": 59003
}