{
  "height": 38.75,
  "tabOrder": 10000,
  "width": 177.08333333333334,
  "x": 32.333333207746591,
  "y": 293.79166666666669,
  "z": 25000
}