{
  "height": 48.958333333333336,
  "tabOrder": 9000,
  "width": 188.54166666666669,
  "x": 24,
  "y": 230.20833333333334,
  "z": 24000
}