{
  "height": 185.71428571428572,
  "tabOrder": 11000,
  "width": 504.28571428571433,
  "x": 754.28571428571433,
  "y": 1450,
  "z": 21000
}