{
  "height": 229.56521739130437,
  "tabOrder": 57000,
  "width": 490.43478260869568,
  "x": 744.34782608695662,
  "y": 758.26086956521749,
  "z": 5000
}