{
  "height": 25,
  "tabOrder": 28000,
  "width": 108.125,
  "x": 874.84375558163492,
  "y": 141.25004415282444,
  "z": 39000
}