{
  "height": 25,
  "tabOrder": 24000,
  "width": 108.125,
  "x": 615.93750558163492,
  "y": 140.93754415282444,
  "z": 39000
}