{
  "height": 23.333333333333336,
  "tabOrder": 31000,
  "width": 503.33333333333337,
  "x": 753.33333333333337,
  "y": 830,
  "z": 34000
}