{
  "height": 186.66666666666669,
  "tabOrder": 10000,
  "width": 513.33333333333337,
  "x": 753.33333333333337,
  "y": 1215,
  "z": 20000
}