{
  "height": 23.333333333333336,
  "tabOrder": 26000,
  "width": 111.66666666666667,
  "x": 1150,
  "y": 611.66666666666674,
  "z": 10000
}