{
  "height": 185.71428571428572,
  "tabOrder": 8000,
  "width": 514.28571428571433,
  "x": 215.71428571428572,
  "y": 1450,
  "z": 18000
}