{
  "height": 340,
  "tabOrder": 8000,
  "width": 501.66666666666669,
  "x": 225,
  "y": 91.666666666666671,
  "z": 8000
}