{
  "height": 45,
  "tabOrder": 17000,
  "width": 80.833333333333343,
  "x": 243.33333333333334,
  "y": 105.72222202465744,
  "z": 28000
}