{
  "height": 45,
  "tabOrder": 20000,
  "width": 100,
  "x": 619.531250000002,
  "y": 105.72222202465744,
  "z": 35000
}