{
  "height": 202.47787610619469,
  "tabOrder": 59003,
  "width": 480,
  "x": 760.35398230088492,
  "y": 240.7079646017699,
  "z": 1000
}