{
  "height": 45,
  "tabOrder": 33000,
  "width": 85.416666666666671,
  "x": 1022.5,
  "y": 105.72222202465744,
  "z": 44000
}