{
  "height": 68.333333333333343,
  "width": 183.33333333333334,
  "x": 231.66666666666669,
  "y": 86.666666666666671,
  "z": 37000
}