{
  "name": "217d4a9a8c9077ac7561",
  "layouts": [
    {
      "id": 0,
      "position": {
        "x": 1217.6991150442479,
        "y": 12.389380530973453,
        "z": 31000,
        "width": 28.318584070796462,
        "height": 31.858407079646021,
        "tabOrder": 23000
      }
    }
  ],
  "singleVisual": {
    "visualType": "image",
    "drillFilterOtherVisuals": true,
    "objects": {
      "general": [
        {
          "properties": {
            "imageUrl": {
              "expr": {
                "ResourcePackageItem": {
                  "PackageName": "RegisteredResources",
                  "PackageType": 1,
                  "ItemName": "help_ico23678586548816138.png"
                }
              }
            }
          }
        }
      ]
    }
  }
}