{
  "height": 23.333333333333336,
  "tabOrder": 29000,
  "width": 173.33333333333334,
  "x": 235,
  "y": 185,
  "z": 7000
}