{
  "height": 28.333333333333336,
  "tabOrder": 15000,
  "width": 176.66666666666669,
  "x": 459,
  "y": 63.333333333333336,
  "z": 25000
}