{
  "height": 63.333333333333336,
  "tabOrder": 1000,
  "width": 148.33333333333334,
  "x": 471.66666666666669,
  "y": 91.666666666666671,
  "z": 38000
}