{
  "height": 63.333333333333336,
  "tabOrder": 2000,
  "width": 138.33333333333334,
  "x": 925,
  "y": 91.666666666666671,
  "z": 40000
}