{
  "height": 25,
  "tabOrder": 37000,
  "width": 260,
  "x": 761.66666666666674,
  "y": 214.16666666666669,
  "z": 10000
}