{
  "height": 23.333333333333336,
  "tabOrder": 36000,
  "width": 320,
  "x": 761.66666666666674,
  "y": 1191.6666666666667,
  "z": 3000
}