{
  "height": 208.14159292035396,
  "tabOrder": 59004,
  "width": 996.81415929203536,
  "x": 243.53982300884954,
  "y": 505.48672566371675,
  "z": 1000
}