{
  "height": 31.858407079646021,
  "tabOrder": 22000,
  "width": 138.05309734513276,
  "x": 1081.41592920354,
  "y": 14.159292035398231,
  "z": 30000
}