{
  "height": 25,
  "tabOrder": 8000,
  "width": 177.08333333333334,
  "x": 32.333333208836756,
  "y": 214.62499999978198,
  "z": 19000
}