{
  "height": 94.791666666666671,
  "tabOrder": 13000,
  "width": 190.625,
  "x": 24,
  "y": 473.95833333333337,
  "z": 24000
}