{
  "height": 28.333333333333336,
  "tabOrder": 17000,
  "width": 176.66666666666669,
  "x": 905,
  "y": 63.333333333333336,
  "z": 27000
}