{
  "height": 25,
  "tabOrder": 34000,
  "width": 255.83333333333334,
  "x": 245.83333333333334,
  "y": 214.09611723106218,
  "z": 13000
}