{
  "height": 23.333333333333336,
  "tabOrder": 25000,
  "width": 206.66666666666669,
  "x": 936.66666666666674,
  "y": 396.66666666666669,
  "z": 32000
}