{
  "height": 541.563179916318,
  "width": 434.621589958159,
  "x": 45.244518828451881,
  "y": 0,
  "z": 0
}