{
  "height": 46.666666666666671,
  "tabOrder": 3000,
  "width": 223.33333333333334,
  "x": 113.33333333333334,
  "y": 6.666666666666667,
  "z": 3000
}