{
  "height": 279.79899497487435,
  "width": 721.20603015075369,
  "x": 9.64824120603015,
  "y": 0,
  "z": 0
}