{
  "height": 25,
  "tabOrder": 6000,
  "width": 177.08333333333334,
  "x": 32.541666541079927,
  "y": 108.33333333333334,
  "z": 21000
}