{
  "height": 28.333333333333336,
  "tabOrder": 18000,
  "width": 125,
  "x": 28.333333333333336,
  "y": 71,
  "z": 28000
}