{
  "height": 279.6933891213389,
  "width": 581.32351464435146,
  "x": 9.5973221757322182,
  "y": 0,
  "z": 0
}