{
  "height": 23.333333333333336,
  "tabOrder": 37000,
  "width": 335,
  "x": 226.66666666666669,
  "y": 1426.6666666666667,
  "z": 2000
}