{
  "height": 340,
  "tabOrder": 9000,
  "width": 501.66666666666669,
  "x": 760,
  "y": 91.666666666666671,
  "z": 12000
}