{
  "height": 23.333333333333336,
  "tabOrder": 24000,
  "width": 136.66666666666669,
  "x": 1121.6666666666667,
  "y": 396,
  "z": 11000
}