{
  "height": 26.25,
  "tabOrder": 4000,
  "width": 124.16666666666667,
  "x": 28.333333333333336,
  "y": 76.666666666666671,
  "z": 19000
}