{
  "height": 89.08424908424908,
  "tabOrder": 46000,
  "width": 150.03663003663002,
  "x": 32.820512820512818,
  "y": 120.34188034188033,
  "z": 46000
}