{
  "height": 23.333333333333336,
  "tabOrder": 21000,
  "width": 208.33333333333334,
  "x": 936.66666666666674,
  "y": 185,
  "z": 9000
}