{
  "height": 23.333333333333336,
  "tabOrder": 30000,
  "width": 128.33333333333334,
  "x": 770,
  "y": 185,
  "z": 8000
}