{
  "height": 98.333333333333343,
  "tabOrder": 11000,
  "width": 180,
  "x": 613.33333333333337,
  "y": 468.33333333333337,
  "z": 14000
}