{
  "height": 215.6521739130435,
  "tabOrder": 59005,
  "width": 478.26086956521743,
  "x": 252.17391304347828,
  "y": 772.17391304347836,
  "z": 1000
}