{
  "height": 28.095238095238095,
  "tabOrder": 16000,
  "width": 176.66666666666666,
  "x": 242.85714285714283,
  "y": 74.761904761904759,
  "z": 31000
}