{
  "height": 46.666666666666671,
  "tabOrder": 13000,
  "width": 208.33333333333334,
  "x": 113.33333333333334,
  "y": 6.666666666666667,
  "z": 23000
}