{
  "height": 23.333333333333336,
  "tabOrder": 28000,
  "width": 503.33333333333337,
  "x": 231.66666666666669,
  "y": 830,
  "z": 16000
}