{
  "height": 25,
  "tabOrder": 22000,
  "width": 101.25,
  "x": 497.50000558163481,
  "y": 140.93754415282444,
  "z": 33000
}