{
  "height": 148.07297071129707,
  "tabOrder": 3,
  "width": 581.32351464435146,
  "x": 19.194644351464436,
  "y": 257.75665271966528,
  "z": 3
}