{
  "height": 23.333333333333336,
  "tabOrder": 34000,
  "width": 320,
  "x": 226.66666666666669,
  "y": 1191.6666666666667,
  "z": 4000
}