{
  "height": 23.333333333333336,
  "tabOrder": 32000,
  "width": 303.33333333333337,
  "x": 231.66666666666669,
  "y": 1145,
  "z": 0
}