{
  "height": 25,
  "tabOrder": 26000,
  "width": 101.25,
  "x": 757.65625558163492,
  "y": 141.25004415282444,
  "z": 41000
}