{
  "height": 94.791666666666671,
  "tabOrder": 15000,
  "width": 189.58333333333334,
  "x": 25.041666541079927,
  "y": 618.75,
  "z": 26000
}