{
  "height": 28.333333333333336,
  "tabOrder": 14000,
  "width": 176.66666666666669,
  "x": 231.66666666666669,
  "y": 63.333333333333336,
  "z": 24000
}