{
  "height": 23.333333333333336,
  "tabOrder": 39000,
  "width": 160,
  "x": 1096.6666666666667,
  "y": 1421.6666666666667,
  "z": 36000
}