{
  "height": 720,
  "tabOrder": 10000,
  "width": 648.33333333333337,
  "x": 613.33333333333337,
  "y": 473.33333333333337,
  "z": 13000
}