{
  "height": 38.75,
  "tabOrder": 12000,
  "width": 177.08333333333334,
  "x": 32.333333207746591,
  "y": 443.70847800925924,
  "z": 27000
}