{
  "height": 25,
  "tabOrder": 35000,
  "width": 195.83333333333334,
  "x": 520.83333333333337,
  "y": 214.09611723106218,
  "z": 17000
}