{
  "height": 45,
  "tabOrder": 29000,
  "width": 100,
  "x": 759.375000000002,
  "y": 105.72222202465744,
  "z": 44000
}